GMM_Cluster,Mean_VisitFrequency,Mean_Like,Proportion_Female
0,2.5833333333333335,2.0,0.48333333333333334
1,2.8289473684210527,2.2960526315789473,0.6118421052631579
2,2.6341463414634148,1.0853658536585367,0.47560975609756095
3,3.085714285714286,3.2285714285714286,0.5142857142857142
4,1.1583333333333334,-3.3,0.4166666666666667
5,1.5317073170731708,-1.7951219512195122,0.6
6,2.3512820512820514,0.47435897435897434,0.5025641025641026
